_id,nombre,email,telefono
1,Juan Pérez,juanperez@gmail.com,3201112233
2,María Gómez,maria.gomez@yahoo.com,3102223344
3,Carlos Torres,ctorres@hotmail.com,3015556677
4,Ana Ramírez,ana.ramirez@gmail.com,3112223344
5,Luis Martínez,luis.mtz@yahoo.com,3203334455
6,Claudia López,cl.lopez@gmail.com,3104445566
7,Fernando Arias,ferarias@hotmail.com,3015556677
8,Laura Méndez,laura.mdz@gmail.com,3106667788
9,Andrés Castaño,andres.cas@gmail.com,3127778899
10,Camila Herrera,camih@gmail.com,3208889900
11,Daniel Suárez,danisuarez@hotmail.com,3119990011
12,Paola Vargas,paov@gmail.com,3101239876
13,Miguel Rojas,mrojas@gmail.com,3133214567
14,Carolina Díaz,cdiaz@yahoo.com,3159876543
15,Oscar Beltrán,obeltran@gmail.com,3187654321
16,Juliana Soto,julsoto@hotmail.com,3191122334
17,Ricardo Mejía,ricardom@gmail.com,3103344556
18,Valentina Ruiz,valruiz@gmail.com,3112233445
19,Fabián Morales,fabmora@yahoo.com,3204455667
20,Gloria Castro,glocastro@gmail.com,3125566778
21,Pedro Sánchez,psanchez@gmail.com,3136677889
22,Marcela Gutiérrez,marceg@gmail.com,3107788990
23,Esteban Pardo,estebanp@gmail.com,3148899001
24,Sandra Cifuentes,sandrac@gmail.com,3199900112
25,Jorge Londoño,jlondono@hotmail.com,3101011121
26,Lina Montoya,linam@gmail.com,3122324252
27,Diego Bermúdez,dbermudez@gmail.com,3152627282
28,Adriana Correa,acorrea@gmail.com,3102930313
29,Raúl Mendoza,rmendoza@hotmail.com,3113233343
30,Natalia Patiño,npatino@gmail.com,3203536373
